index, pa_val, bt_val
1, 70, 61.32560033782018
2, 80, 81.13455494720488
3, 90, 102.02410906311597
4, 100, 124.0564381095586
5, 110, 147.29764915865067
